Sample,index,time,power,scale
Blank 1,1,0.6402666568756104,103570.61467134701,1.55
Blank 1,2,0.7522666454315186,625940.4064835653,1.6
Blank 1,3,0.8082666397094727,668982.4299063989,1.6
Blank 1,4,0.8442666530609131,20737.911304943013,1.6
Blank 1,5,0.9042666554450989,804804.5739659347,1.6
Blank 1,6,0.9642666578292847,238133.69962330663,2.05
Blank 1,7,1.000266671180725,1167745.9969267126,1.5
Blank 1,8,1.0482666492462158,524525.8775312578,2.25
Blank 1,9,1.0802667140960693,6258140.638343879,2.4
Blank 1,10,1.2122666835784912,228377.17139977287,1.75
Blank 1,11,1.2482666969299316,3215151.0969944056,2.9
Blank 1,12,1.292266607284546,3513876.95643683,2.85
Blank 1,13,1.3402667045593262,123134.80334990245,1.5
Blank 1,14,1.3842666149139404,1232015.4772193364,1.7
Blank 1,15,1.4282666444778442,4062684.4864688013,2.95
Blank 1,16,1.4642666578292847,781787.2167573362,1.6
Blank 1,17,1.5122666358947754,5230155.118670747,1.55
Blank 1,18,1.5682666301727295,2761863.619357606,1.55
Blank 1,19,1.6202666759490967,2871340.8926741746,2.1
Blank 1,20,1.6642667055130005,1026898.3925250446,2.85
Blank 1,21,1.7202666997909546,2046631.1713879812,2.15
Blank 1,22,1.760266661643982,2867657.3125048475,1.8
Blank 1,23,1.8282666206359863,2537996.5449063317,1.6
Blank 1,24,1.8682667016983032,3647871.19762167,2.35
Blank 1,25,1.9322667121887207,202912.62138164937,1.85
Blank 1,26,1.9882667064666748,4205319.793374768,1.8
Blank 1,27,2.028266668319702,3308142.348420842,1.75
Blank 1,28,2.0642666816711426,3604054.228161656,1.5
Blank 1,29,2.112266778945923,678933.1393071985,1.55
Blank 1,30,2.148266553878784,9106210.85486386,3
Blank 1,31,2.1962666511535645,4140211.7178751,1.8
Blank 1,32,2.2562665939331055,23462843.600784887,2.95
Blank 1,33,2.3042666912078857,832254.0244412866,1.95
Blank 1,34,2.36026668548584,4257656.485795937,2.15
Blank 1,35,2.400266647338867,14843463.679854415,1.85
Blank 1,36,2.428266763687134,85885.9552584006,1.8
Blank 1,37,2.464266777038574,595992.9935644983,3
Blank 1,38,2.5162665843963623,1372238.0580086212,2.85
Blank 1,39,2.5682666301727295,5193650.69154489,2.25
Blank 1,40,2.6362667083740234,585417.8432389144,1.65
Blank 1,41,2.6962666511535645,1183102.1335382967,1.7
Blank 1,42,2.7642667293548584,694475.8527730969,1.85
Blank 1,43,2.8122665882110596,291862.2828971316,1.8
Blank 1,44,2.8482666015625,5649601.582061699,1.55
Blank 1,45,2.920266628265381,9137422.381260473,1.65
Blank 1,46,2.9482667446136475,1541824.120652589,3
Blank 1,47,2.972266674041748,328754.1459800603,1.5
Blank 2,1,0.6282666921615601,385251.5909149219,1.65
Blank 2,2,0.7002666592597961,1274524.575510975,2.9
Blank 2,3,0.7602666616439819,302108.4492619305,1.6
Blank 2,4,0.8202666640281677,262337.02945519483,3
Blank 2,5,0.8842666745185852,133380.52865667758,1.8
Blank 2,6,0.916266679763794,9623.891733645562,2.5
Blank 2,7,0.960266649723053,540874.1041162648,2.3
Blank 2,8,0.9962666630744934,221553.54578463323,2.05
Blank 2,9,1.0402666330337524,1067779.6347154772,1.5
Blank 2,10,1.0882666110992432,14258764.572096486,2.85
Blank 2,11,1.2202666997909546,1081752.3722321342,1.95
Blank 2,12,1.2522666454315186,1459535.92531781,2.05
Blank 2,13,1.3122667074203491,1136321.794827807,2.05
Blank 2,14,1.3522666692733765,7964357.185605565,1.6
Blank 2,15,1.416266679763794,1449001.2729704403,1.6
Blank 2,16,1.4522666931152344,3634879.58537903,2.95
Blank 2,17,1.4962667226791382,237987.5055214858,2.15
Blank 2,18,1.5242667198181152,2354998.5560339037,2.1
Blank 2,19,1.5682666301727295,4059958.6777642607,1.75
Blank 2,20,1.6122666597366333,1969775.3091218637,2.95
Blank 2,21,1.6682666540145874,1369527.6468775673,1.6
Blank 2,22,1.700266718864441,2458852.0962757594,2.25
Blank 2,23,1.7402666807174683,3774059.470521335,3
Blank 2,24,1.7762666940689087,114059.75365720045,2.05
Blank 2,25,1.8002666234970093,2739133.8698522546,1.55
Blank 2,26,1.844266653060913,1388203.5193272005,1.5
Blank 2,27,1.8962666988372803,8320276.141896355,1.6
Blank 2,28,1.9322667121887207,108309.85750020004,2
Blank 2,29,1.9602667093276978,352670.2299395326,1.95
Blank 2,30,1.9962667226791382,3884020.452352526,1.85
Blank 2,31,2.032266616821289,3716552.465804969,3
Blank 2,32,2.0802667140960693,2440631.7354506743,2.4
Blank 2,33,2.15226674079895,11540797.739770576,1.6
Blank 2,34,2.1962666511535645,4662793.093486666,2.8
Blank 2,35,2.2442667484283447,9362806.458736382,1.7
Blank 2,36,2.300266742706299,6805109.4808415705,2.85
Blank 2,37,2.3482666015625,3773585.3445326975,1.55
Blank 2,38,2.3842666149139404,1165859.3878691916,2.2
Blank 2,39,2.412266731262207,1306250.6252931454,1.6
Blank 2,40,2.4562666416168213,1027380.1573352069,1.65
Blank 2,41,2.5002665519714355,183073.96184905036,1.9
Blank 2,42,2.540266752243042,4531355.424319021,1.55
Blank 2,43,2.5722665786743164,598213.4777889798,2.1
Blank 2,44,2.596266746520996,5938170.253269362,1.9
Blank 2,45,2.65226674079895,2495984.5642325934,1.6
Blank 2,46,2.6922667026519775,484194.71642640705,1.5
Blank 2,47,2.7642667293548584,9525746.918156918,2.45
Blank 2,48,2.8122665882110596,5834024.517444921,2.7
Blank 2,49,2.8482666015625,479193.53219568054,1.55
Blank 2,50,2.8802666664123535,851103.2406324224,1.5
Blank 2,51,2.9322667121887207,10303088.914329505,2.95
Blank 3,1,0.6522666811943054,93449.3626610234,1.6
Blank 3,2,0.7082666754722595,1620088.5430771585,1.65
Blank 3,3,0.7602666616439819,281376.20917366754,3
Blank 3,4,0.8802666664123535,732467.7043099902,1.85
Blank 3,5,0.9122666716575623,1745259.0720974752,2.1
Blank 3,6,0.9522666931152344,1215177.576889866,2
Blank 3,7,0.98826664686203,764065.1366587655,2
Blank 3,8,1.0282666683197021,1278353.3975231876,1.55
Blank 3,9,1.0882666110992432,1653084.941644628,2.95
Blank 3,10,1.12826669216156,5928777.520877884,1.6
Blank 3,11,1.200266718864441,2306740.521645226,2.85
Blank 3,12,1.2482666969299316,778717.641779851,2
Blank 3,13,1.2962666749954224,2686845.2522921613,1.85
Blank 3,14,1.3402667045593262,3509807.659892269,1.85
Blank 3,15,1.3842666149139404,422759.6733292496,1.5
Blank 3,16,1.4242666959762573,2424325.3908553626,3
Blank 3,17,1.532266616821289,125607.82515423768,2.75
Blank 3,18,1.5642666816711426,2920900.441019849,1.55
Blank 3,19,1.6122666597366333,5297518.010826649,3
Blank 3,20,1.656266689300537,2181655.7349554873,2.1
Blank 3,21,1.6962666511535645,736198.3619305589,2
Blank 3,22,1.7482666969299316,5726374.548099688,2.4
Blank 3,23,1.8002666234970093,7590571.316805713,2.95
Blank 3,24,1.8522666692733765,618383.5629865344,2.05
Blank 3,25,1.916266679763794,4027206.1324114855,1.7
Blank 3,26,1.944266676902771,449813.85444407875,2.75
Blank 3,27,2.0162665843963623,8016122.644543859,1.85
Blank 3,28,2.0682666301727295,4957283.826010162,3
Blank 3,29,2.100266695022583,343714.6353739986,1.5
Blank 3,30,2.1362667083740234,61091137.61931799,3
Blank 3,31,2.168266773223877,4527059.108133689,1.5
Blank 3,32,2.220266580581665,630359.8667732346,1.55
Blank 3,33,2.2482666969299316,651136.1713190902,3
Blank 3,34,2.3082666397094727,2582741.1665982255,2.8
Blank 3,35,2.352266550064087,13220240.87501409,1.85
Blank 3,36,2.4242665767669678,1984131.4962949778,1.8
Blank 3,37,2.4482667446136475,4479936.605436788,1.65
Blank 3,38,2.5122666358947754,4851953.719667011,2.2
Blank 3,39,2.548266649246216,10258450.573279131,3
Blank 3,40,2.65226674079895,11505925.27656678,2.75
Blank 3,41,2.6922667026519775,3029077.2372404765,1.5
Blank 3,42,2.7482666969299316,4651349.544838838,1.95
Blank 3,43,2.792266607284546,3570417.364815449,1.55
Blank 3,44,2.8642666339874268,2859519.178989135,3
Blank 3,45,2.920266628265381,4130818.2425478357,2.25
Blank 3,46,2.968266725540161,1034177.483551018,1.5
0_25X 1,1,0.7042666673660278,129011.74517389589,1.9
0_25X 1,2,0.7602666616439819,63275.173326971424,2.25
0_25X 1,3,0.7962666749954224,572905.4527447531,2.35
0_25X 1,4,0.8362666964530945,70058.74523137334,2.15
0_25X 1,5,0.9242666959762573,184579.79170525778,1.6
0_25X 1,6,1.0122666358947754,982923.9940713705,1.55
0_25X 1,7,1.0642666816711426,5012508.077689612,1.55
0_25X 1,8,1.1122666597366333,1795304.868988568,1.6
0_25X 1,9,1.1962666511535645,360052.6489981472,1.85
0_25X 1,10,1.2522666454315186,4096347.5035669445,2.95
0_25X 1,11,1.2802666425704956,38688.37205463927,1.8
0_25X 1,12,1.3362666368484497,964358.392021301,1.5
0_25X 1,13,1.388266682624817,882226.7674716238,1.55
0_25X 1,14,1.4242666959762573,5488797.324903592,3
0_25X 1,15,1.4802666902542114,1580374.7130979875,1.9
0_25X 1,16,1.5122666358947754,318153.38634919,2.2
0_25X 1,17,1.5602666139602661,3065702.163197486,1.6
0_25X 1,18,1.6082667112350464,3049901.2617724393,1.6
0_25X 1,19,1.6442667245864868,1164736.0522188286,1.5
0_25X 1,20,1.700266718864441,1862044.2409993329,3
0_25X 1,21,1.7682666778564453,1513247.9965465455,3
0_25X 1,22,1.8202667236328125,438862.7089266686,1.75
0_25X 1,23,1.8562666177749634,3567995.2629057583,1.75
0_25X 1,24,1.8922666311264038,3143878.9147638096,1.5
0_25X 1,25,1.944266676902771,8675382.751452869,2.6
0_25X 1,26,1.9802666902542114,96053.83756530214,1.65
0_25X 1,27,2.0242667198181152,5992000.772797882,2.95
0_25X 1,28,2.0682666301727295,692690.3116050813,1.5
0_25X 1,29,2.1282665729522705,17870839.824918423,3
0_25X 1,30,2.176266670227051,614372.2921422994,2.25
0_25X 1,31,2.2482666969299316,2296541.256615655,1.6
0_25X 1,32,2.284266710281372,2385426.379800412,1.55
0_25X 1,33,2.3162667751312256,2061567.3382995324,2.55
0_25X 1,34,2.352266550064087,3893186.729733689,2.25
0_25X 1,35,2.3922667503356934,35447.90538772055,1.55
0_25X 1,36,2.4362666606903076,5662285.889989815,2.95
0_25X 1,37,2.476266622543335,827903.4794386901,2.1
0_25X 1,38,2.528266668319702,10224327.565110944,2.1
0_25X 1,39,2.5682666301727295,7409527.86479487,2.25
0_25X 1,40,2.664266586303711,1090817.0124967599,2.9
0_25X 1,41,2.716266632080078,5639161.686535822,3
0_25X 1,42,2.7722666263580322,5053634.354558356,2.05
0_25X 1,43,2.8082666397094727,9429472.824370917,2.9
0_25X 1,44,2.856266736984253,1583088.7308475638,1.6
0_25X 1,45,2.8842666149139404,1836146.444640043,2.95
0_25X 1,46,2.9242665767669678,231623.22612809614,1.5
0_25X 1,47,2.960266590118408,2091701.6780454689,2.85
0_25X 2,1,0.6562666893005371,488645.158300568,2.7
0_25X 2,2,0.7562666535377502,554176.5470262219,3
0_25X 2,3,0.8122666478157043,169930.01743442393,1.55
0_25X 2,4,0.9282666444778442,55325.785579487,2.6
0_25X 2,5,0.9522666931152344,178064.15841752826,1.7
0_25X 2,6,0.9922666549682617,562902.6393619793,2.15
0_25X 2,7,1.0282666683197021,3798906.873058094,2.35
0_25X 2,8,1.0802667140960693,146647.86339497307,1.65
0_25X 2,9,1.2242666482925415,2118577.6360311056,1.95
0_25X 2,10,1.260266661643982,3156836.719328881,1.6
0_25X 2,11,1.292266607284546,1416305.8382809788,2.25
0_25X 2,12,1.3282666206359863,707851.4053835399,1.55
0_25X 2,13,1.3642666339874268,1201289.7533715924,2.7
0_25X 2,14,1.4082666635513306,7384357.58960739,3
0_25X 2,15,1.4642666578292847,1164756.443671964,2.2
0_25X 2,16,1.4962667226791382,1328142.8171959533,1.65
0_25X 2,17,1.532266616821289,397007.4523165949,1.6
0_25X 2,18,1.5682666301727295,1056125.383392155,1.65
0_25X 2,19,1.62826669216156,1149434.9140337755,1.55
0_25X 2,20,1.6522666215896606,1019193.7397823472,3
0_25X 2,21,1.700266718864441,3794906.9714710177,1.65
0_25X 2,22,1.7442666292190552,170854.38801461738,1.55
0_25X 2,23,1.7722666263580322,9738853.483549839,2.5
0_25X 2,24,1.8282666206359863,986896.9965287208,2.05
0_25X 2,25,1.8562666177749634,1582472.2471952038,1.7
0_25X 2,26,1.9202666282653809,5512899.114178669,3
0_25X 2,27,2.0042667388916016,3099293.567925356,2
0_25X 2,28,2.044266700744629,2452369.4628052604,1.5
0_25X 2,29,2.0802667140960693,3806624.151584212,1.6
0_25X 2,30,2.112266778945923,1605660.0024434905,1.95
0_25X 2,31,2.1442666053771973,21203714.465328023,3
0_25X 2,32,2.1802666187286377,980325.8273569759,1.75
0_25X 2,33,2.228266716003418,1248263.178058331,1.65
0_25X 2,34,2.280266761779785,4727652.673246106,2.85
0_25X 2,35,2.3362667560577393,1245071.637144922,1.85
0_25X 2,36,2.3762667179107666,4223209.915328176,2.95
0_25X 2,37,2.460266590118408,12858767.76316163,3
0_25X 2,38,2.5002665519714355,1775833.734938212,1.55
0_25X 2,39,2.548266649246216,14513537.898331804,1.75
0_25X 2,40,2.612266778945923,3791169.682099891,1.55
0_25X 2,41,2.6402666568756104,3941045.450479115,2.25
0_25X 2,42,2.676266670227051,4372639.690844511,2.2
0_25X 2,43,2.728266716003418,1375573.9759829964,2.65
0_25X 2,44,2.776266574859619,1347036.3423097422,1.75
0_25X 2,45,2.8042666912078857,4053656.5115117305,1.5
0_25X 2,46,2.844266653060913,3820164.2854662603,2.15
0_25X 2,47,2.8922667503356934,2811666.3059781594,1.75
0_25X 2,48,2.9362666606903076,14399123.208545484,2.4
0_25X 2,49,2.976266622543335,9311643.093817797,1.55
0_25X 3,1,0.616266667842865,64978.15652163708,1.55
0_25X 3,2,0.6562666893005371,467542.47103118146,2.85
0_25X 3,3,0.7362666726112366,379134.958434525,1.8
0_25X 3,4,0.7682666778564453,55737.38591616037,1.75
0_25X 3,5,0.8042666912078857,445.86430188305593,2.75
0_25X 3,6,0.8482666611671448,55948.8788029364,2.95
0_25X 3,7,0.8962666392326355,10810.191654176999,2.05
0_25X 3,8,0.9322666525840759,437951.60764806386,1.55
0_25X 3,9,1.0242667198181152,4815575.321053493,1.55
0_25X 3,10,1.0602666139602661,1820347.3853707518,2.7
0_25X 3,11,1.2082666158676147,2582145.665040942,1.5
0_25X 3,12,1.2522666454315186,1559409.2958328363,2.65
0_25X 3,13,1.3042666912078857,461216.12651609146,1.5
0_25X 3,14,1.3562666177749634,3364264.1037156903,1.6
0_25X 3,15,1.3962666988372803,594552.0962339338,1.6
0_25X 3,16,1.4282666444778442,2728984.7681711186,2.95
0_25X 3,17,1.4842666387557983,1029024.1374536763,2
0_25X 3,18,1.532266616821289,2904339.155906069,2.95
0_25X 3,19,1.572266697883606,2934425.5232475847,1.95
0_25X 3,20,1.6482666730880737,660385.7804117082,2
0_25X 3,21,1.688266634941101,5243037.110894698,1.5
0_25X 3,22,1.7322666645050049,646619.9985932789,1.55
0_25X 3,23,1.784266710281372,8424806.719682436,1.5
0_25X 3,24,1.844266653060913,2949572.463605472,1.55
0_25X 3,25,1.9042667150497437,1702878.9023037716,2.9
0_25X 3,26,1.9642666578292847,3853680.7102166163,2.25
0_25X 3,27,2.028266668319702,4414627.479990529,2.55
0_25X 3,28,2.0802667140960693,4236705.259904311,1.6
0_25X 3,29,2.1402666568756104,16482728.578083662,2.95
0_25X 3,30,2.172266721725464,876867.5318924356,2.15
0_25X 3,31,2.216266632080078,282373.0761962306,1.65
0_25X 3,32,2.2682666778564453,301071.4336626408,2.75
0_25X 3,33,2.3162667751312256,2196556.3857902964,1.7
0_25X 3,34,2.344266653060913,7259732.067122829,2.25
0_25X 3,35,2.3962666988372803,2220708.295700198,1.5
0_25X 3,36,2.4482667446136475,1183313.0683055331,1.6
0_25X 3,37,2.484266757965088,3923261.5260045407,2.95
0_25X 3,38,2.5162665843963623,435086.11531036795,1.75
0_25X 3,39,2.5522665977478027,9923332.875331797,2.85
0_25X 3,40,2.5842666625976562,3151038.1073684893,1.5
0_25X 3,41,2.6402666568756104,4789808.55132027,1.85
0_25X 3,42,2.716266632080078,7201851.06696441,1.85
0_25X 3,43,2.7402665615081787,691057.0031559,2.3
0_25X 3,44,2.776266574859619,757630.6100151308,1.8
0_25X 3,45,2.8042666912078857,2259935.5148223103,2.75
0_25X 3,46,2.8322665691375732,15717766.46759126,1.6
0_25X 3,47,2.904266595840454,2010882.5339706,1.6
0_25X 3,48,2.9402666091918945,12874732.303819073,1.75
0_25X 3,49,2.980266571044922,854843.9370633038,2.75
0_5X 1,1,0.6362666487693787,200037.06668203627,1.5
0_5X 1,2,0.7562666535377502,1371736.9098833527,1.85
0_5X 1,3,0.9282666444778442,140661.0825251044,1.55
0_5X 1,4,0.9682666659355164,364210.8243761419,1.7
0_5X 1,5,1.0122666358947754,5351333.775238676,3
0_5X 1,6,1.0762666463851929,4402251.586083761,2.4
0_5X 1,7,1.1202666759490967,5988990.589854444,2.65
0_5X 1,8,1.2242666482925415,13963936.061234456,1.5
0_5X 1,9,1.260266661643982,45060.18256051337,2.1
0_5X 1,10,1.288266658782959,4282887.786404171,2.5
0_5X 1,11,1.3282666206359863,1123608.5363560624,1.95
0_5X 1,12,1.3722666501998901,6459468.99609496,1.6
0_5X 1,13,1.4362666606903076,474112.2237863011,1.5
0_5X 1,14,1.476266622543335,10876962.32270636,2.8
0_5X 1,15,1.5202666521072388,151044.08418431098,2.4
0_5X 1,16,1.5562666654586792,1255510.456928114,2.65
0_5X 1,17,1.5922666788101196,5046820.956345974,2
0_5X 1,18,1.7042666673660278,3101340.878483809,1.7
0_5X 1,19,1.760266661643982,646563.9757861195,2.95
0_5X 1,20,1.8322666883468628,258161.0359700769,2.25
0_5X 1,21,1.8562666177749634,642041.8440580417,1.95
0_5X 1,22,1.8842666149139404,9367140.708413813,1.85
0_5X 1,23,1.916266679763794,2423667.9487374234,2.15
0_5X 1,24,1.976266622543335,1144412.530144182,1.5
0_5X 1,25,2.0242667198181152,8966598.09423672,1.55
0_5X 1,26,2.0802667140960693,1123140.8601352137,1.6
0_5X 1,27,2.148266553878784,13299905.654502599,3
0_5X 1,28,2.2082667350769043,4021013.696591572,1.6
0_5X 1,29,2.276266574859619,8644134.310606865,3
0_5X 1,30,2.340266704559326,2741609.591411827,2.1
0_5X 1,31,2.3802666664123535,5490209.150877757,2.1
0_5X 1,32,2.404266595840454,1312205.7143376907,1.5
0_5X 1,33,2.4402666091918945,2088629.3472975648,1.5
0_5X 1,34,2.472266674041748,3870483.16683633,2.45
0_5X 1,35,2.5042667388916016,993966.9809146152,2.25
0_5X 1,36,2.548266649246216,3819602.1470696265,3
0_5X 1,37,2.5802667140960693,146151.49298118972,1.55
0_5X 1,38,2.6402666568756104,1566232.6861953826,2.95
0_5X 1,39,2.6802666187286377,3966178.9993554247,2.2
0_5X 1,40,2.728266716003418,7530289.283513282,3
0_5X 1,41,2.8202667236328125,2620475.5230860612,1.55
0_5X 1,42,2.8642666339874268,3807996.1856680685,1.8
0_5X 1,43,2.8922667503356934,1417247.7013235118,1.6
0_5X 1,44,2.928266763687134,7326413.481387501,1.55
0_5X 1,45,2.964266777038574,11484909.89163146,3
0_5X 2,1,0.6362666487693787,101805.51072459188,1.6
0_5X 2,2,0.6882666945457458,620650.8431959265,2
0_5X 2,3,0.7682666778564453,1916610.066041047,1.95
0_5X 2,4,0.8482666611671448,678760.1317203471,1.6
0_5X 2,5,0.9002666473388672,904040.9355110367,2.05
0_5X 2,6,0.9482666850090027,120961.81396815383,1.95
0_5X 2,7,0.9802666902542114,2160024.93929817,2.1
0_5X 2,8,1.0242667198181152,920913.7760952633,2.75
0_5X 2,9,1.072266697883606,11817523.672851384,2.35
0_5X 2,10,1.1122666597366333,8515150.344244746,3
0_5X 2,11,1.2042666673660278,1828838.2539674945,1.55
0_5X 2,12,1.2682666778564453,1034180.2108286364,2.45
0_5X 2,13,1.316266655921936,11808793.747620087,2.2
0_5X 2,14,1.3562666177749634,1701783.0816327517,3
0_5X 2,15,1.4042667150497437,442588.0667755744,1.9
0_5X 2,16,1.4322667121887207,3697134.193978386,1.55
0_5X 2,17,1.4842666387557983,18937063.298520096,1.6
0_5X 2,18,1.532266616821289,1545793.221845056,1.55
0_5X 2,19,1.5842666625976562,3094878.437314451,2.05
0_5X 2,20,1.6202666759490967,2813533.047295933,1.95
0_5X 2,21,1.6442667245864868,391022.7809230086,1.9
0_5X 2,22,1.7482666969299316,1560166.5676935203,1.55
0_5X 2,23,1.8322666883468628,3215987.4712353274,2.95
0_5X 2,24,1.8762667179107666,4940052.588993096,1.85
0_5X 2,25,1.9402666091918945,6279545.436386876,1.55
0_5X 2,26,1.9802666902542114,708944.101537527,2.55
0_5X 2,27,2.0162665843963623,1884063.2597515862,1.9
0_5X 2,28,2.0602667331695557,659910.5797427956,1.65
0_5X 2,29,2.108266592025757,15302064.978764765,1.55
0_5X 2,30,2.156266689300537,4098501.518283706,1.9
0_5X 2,31,2.2002665996551514,1558078.280092167,1.5
0_5X 2,32,2.2482666969299316,671639.499836282,1.5
0_5X 2,33,2.292266607284546,1925901.8759129394,2.95
0_5X 2,34,2.3482666015625,1235323.9135592629,2.95
0_5X 2,35,2.3842666149139404,720113.3070620563,1.55
0_5X 2,36,2.416266679763794,5357426.381261448,2.65
0_5X 2,37,2.464266777038574,3299591.7325285813,3
0_5X 2,38,2.532266616821289,15144915.210637974,2.85
0_5X 2,39,2.5602667331695557,626203.0507878532,1.9
0_5X 2,40,2.608266592025757,1234745.2995621823,1.75
0_5X 2,41,2.660266637802124,6376756.285906479,2.65
0_5X 2,42,2.6922667026519775,7181789.479963976,1.9
0_5X 2,43,2.728266716003418,1213659.0959013805,1.6
0_5X 2,44,2.788266658782959,825846.5611739398,2.95
0_5X 2,45,2.8322665691375732,19240547.53311072,1.8
0_5X 2,46,2.8882665634155273,2365806.820351504,1.5
0_5X 2,47,2.9562666416168213,6819902.807765523,1.5
0_5X 3,1,0.7202666401863098,108636.50989917251,1.6
0_5X 3,2,0.7602666616439819,458710.4102535802,2.75
0_5X 3,3,0.8042666912078857,554685.6494293023,2.8
0_5X 3,4,0.8602666854858398,376464.3481398155,3
0_5X 3,5,0.8842666745185852,586505.092077511,1.7
0_5X 3,6,0.9282666444778442,104584.87410181163,1.6
0_5X 3,7,0.972266674041748,2613940.645779708,1.55
0_5X 3,8,1.0082666873931885,666884.7381417897,1.5
0_5X 3,9,1.0562666654586792,1096367.1786184406,1.6
0_5X 3,10,1.0922666788101196,558340.9669546568,1.9
0_5X 3,11,1.1922667026519775,1140118.1861464824,1.55
0_5X 3,12,1.2642666101455688,4868123.193651952,1.5
0_5X 3,13,1.316266655921936,1220222.6358668357,2.95
0_5X 3,14,1.3642666339874268,8310366.574401242,2.7
0_5X 3,15,1.4082666635513306,1068358.5902482816,3
0_5X 3,16,1.472266674041748,1289675.454950903,1.6
0_5X 3,17,1.5362666845321655,807940.7071062534,1.55
0_5X 3,18,1.572266697883606,656088.4441324219,1.95
0_5X 3,19,1.600266695022583,1177834.8420221868,2
0_5X 3,20,1.6522666215896606,1119449.4018195907,1.55
0_5X 3,21,1.7122666835784912,4393776.550496325,1.6
0_5X 3,22,1.760266661643982,725059.0381184343,2.65
0_5X 3,23,1.8002666234970093,1429155.8772823147,1.55
0_5X 3,24,1.8482667207717896,1197187.6256449225,1.6
0_5X 3,25,1.9202666282653809,10079660.436040306,1.8
0_5X 3,26,1.9842666387557983,4104421.2769311117,1.5
0_5X 3,27,2.028266668319702,3041753.718107482,2.25
0_5X 3,28,2.0642666816711426,680368.9883446249,1.8
0_5X 3,29,2.112266778945923,492584.3791233378,1.8
0_5X 3,30,2.1402666568756104,57398272.64158873,3
0_5X 3,31,2.2002665996551514,7566791.465016735,2.2
0_5X 3,32,2.2402665615081787,612281.1184416475,1.5
0_5X 3,33,2.284266710281372,440160.80449894705,1.75
0_5X 3,34,2.3242666721343994,919125.0960875732,1.5
0_5X 3,35,2.3882665634155273,2300498.887337087,1.8
0_5X 3,36,2.416266679763794,312128.1543028906,2.1
0_5X 3,37,2.4522666931152344,3210968.097445917,1.55
0_5X 3,38,2.4922666549682617,6865729.542872317,1.6
0_5X 3,39,2.5562667846679688,16420249.767972942,2.65
0_5X 3,40,2.588266611099243,98430.71226142356,1.6
0_5X 3,41,2.6202666759490967,5234576.740664551,2.4
0_5X 3,42,2.728266716003418,12522657.08935889,2.85
0_5X 3,43,2.7602667808532715,546400.5487163852,1.6
0_5X 3,44,2.8042666912078857,1139546.675071857,1.6
0_5X 3,45,2.852266550064087,3437071.7901023226,1.5
0_5X 3,46,2.8962666988372803,3550983.5935927792,1.55
0_5X 3,47,2.960266590118408,3949131.1239477084,2.55
1X 1,1,0.632266640663147,1584.612547285083,1.75
1X 1,2,0.6682666540145874,620284.0653210167,2.95
1X 1,3,0.7122666835784912,63254.85260675423,1.6
1X 1,4,0.772266685962677,834412.3836028528,2.4
1X 1,5,0.816266655921936,294281.4516040836,2.9
1X 1,6,0.8762666583061218,345398.3008316983,1.65
1X 1,7,0.9362666606903076,652017.5592775907,2.95
1X 1,8,0.972266674041748,242424.4575274826,2.25
1X 1,9,1.0402666330337524,1157210.2361072951,2.35
1X 1,10,1.0882666110992432,8293769.722383264,2.45
1X 1,11,1.1242666244506836,1181569.5374303984,1.65
1X 1,12,1.2162666320800781,281656.69194890035,1.7
1X 1,13,1.2642666101455688,6474037.557150474,3
1X 1,14,1.316266655921936,589883.9342539476,1.6
1X 1,15,1.3922666311264038,1627027.744116174,1.55
1X 1,16,1.476266622543335,2582821.820952857,1.6
1X 1,17,1.5162667036056519,878939.8382164752,2.75
1X 1,18,1.5682666301727295,8523834.75013469,2.4
1X 1,19,1.600266695022583,1630510.492855364,1.55
1X 1,20,1.6402666568756104,1575962.732986433,3
1X 1,21,1.688266634941101,10945494.60033591,1.9
1X 1,22,1.7202666997909546,875827.2476961857,2.5
1X 1,23,1.7682666778564453,3086143.866765642,1.55
1X 1,24,1.8322666883468628,628744.5737336299,2.1
1X 1,25,1.8722666501998901,507632.81750473764,2.3
1X 1,26,1.8962666988372803,11100749.56728476,1.55
1X 1,27,1.9362666606903076,4283360.902878184,1.65
1X 1,28,1.9842666387557983,403798.95019899536,1.5
1X 1,29,2.032266616821289,2887687.4405053575,2.95
1X 1,30,2.0762667655944824,13300744.750155894,2.25
1X 1,31,2.1362667083740234,13083510.057580568,3
1X 1,32,2.172266721725464,1046020.6223376407,1.5
1X 1,33,2.2082667350769043,1663946.4847887508,2.5
1X 1,34,2.2602667808532715,486997.29181338236,2.25
1X 1,35,2.296266555786133,10311572.815186122,2.65
1X 1,36,2.3322665691375732,418261.2452019076,1.9
1X 1,37,2.4482667446136475,1060380.119419839,1.65
1X 1,38,2.488266706466675,3242002.1781123676,1.7
1X 1,39,2.528266668319702,6150632.859389556,2.65
1X 1,40,2.59226655960083,11636791.486657485,1.55
1X 1,41,2.6322667598724365,17234233.98627605,2.25
1X 1,42,2.668266773223877,25568403.12347001,2.1
1X 1,43,2.7042665481567383,203379.89751441954,1.55
1X 1,44,2.7562665939331055,2520398.224304984,1.6
1X 1,45,2.800266742706299,10324749.81063516,1.9
1X 1,46,2.844266653060913,416920.0710842013,1.55
1X 1,47,2.8762667179107666,888130.9562325078,1.5
1X 1,48,2.9322667121887207,1547099.9385906088,2.05
1X 1,49,2.972266674041748,7377420.31608031,1.75
1X 2,1,0.644266664981842,937891.7050011075,2.75
1X 2,2,0.7762666940689087,734832.614959809,2.95
1X 2,3,0.8322666883468628,64467.248548294265,1.7
1X 2,4,0.8722666501998901,694948.0740308011,2.95
1X 2,5,0.9362666606903076,601842.0426369752,2.5
1X 2,6,0.9762666821479797,204020.80426412533,1.6
1X 2,7,1.0242667198181152,445168.67092927825,2.95
1X 2,8,1.0682666301727295,10804851.30761527,2.45
1X 2,9,1.10426664352417,6479106.971102729,1.5
1X 2,10,1.2082666158676147,5301469.970001976,1.55
1X 2,11,1.2642666101455688,5553210.423712572,2.9
1X 2,12,1.3082666397094727,1311005.966598509,2.65
1X 2,13,1.3682667016983032,4076693.441434419,1.65
1X 2,14,1.4122666120529175,9912748.49299299,2.25
1X 2,15,1.476266622543335,1781111.454896081,1.55
1X 2,16,1.532266616821289,2312091.7844818784,3
1X 2,17,1.5962666273117065,973040.4246736495,2.95
1X 2,18,1.6482666730880737,7554656.06164148,1.8
1X 2,19,1.688266634941101,1031661.1958057559,1.5
1X 2,20,1.7362666130065918,6536972.925615876,1.55
1X 2,21,1.792266607284546,259726.2581970693,1.55
1X 2,22,1.8282666206359863,971800.932493594,1.85
1X 2,23,1.8682667016983032,650851.6070334221,1.6
1X 2,24,1.9322667121887207,2354965.8357209438,2.3
1X 2,25,1.972266674041748,1230675.1230791747,1.55
1X 2,26,2.0162665843963623,9253502.695219431,3
1X 2,27,2.0762667655944824,933671.5686994189,2.3
1X 2,28,2.10426664352417,1011670.9095366391,1.55
1X 2,29,2.1402666568756104,28675282.86524164,3
1X 2,30,2.2082667350769043,5698911.188455481,1.6
1X 2,31,2.2682666778564453,2410081.514927943,1.5
1X 2,32,2.3202667236328125,2711032.017753541,1.5
1X 2,33,2.3682665824890137,1964367.6170700719,2.45
1X 2,34,2.412266731262207,1476352.0432207484,2.3
1X 2,35,2.4482667446136475,5318996.561781096,1.75
1X 2,36,2.488266706466675,1783484.6301340205,1.5
1X 2,37,2.5522665977478027,4474131.186685606,2.3
1X 2,38,2.600266695022583,10406748.11214719,1.95
1X 2,39,2.648266553878784,4262716.82726586,1.6
1X 2,40,2.7042665481567383,3815238.740113329,1.55
1X 2,41,2.7602667808532715,5754619.3325396655,3
1X 2,42,2.8482666015625,4296188.509276254,1.85
1X 2,43,2.8962666988372803,2168920.8827142995,3
1X 2,44,2.9402666091918945,2347914.3610704485,1.55
1X 3,1,0.6402666568756104,883720.2636627664,1.6
1X 3,2,0.7082666754722595,551853.0382886693,1.6
1X 3,3,0.8482666611671448,417876.93564125197,2.1
1X 3,4,0.8962666392326355,3845508.2943353644,2.95
1X 3,5,0.9322666525840759,133812.52947548128,1.6
1X 3,6,0.98826664686203,1374112.1619433553,1.5
1X 3,7,1.0282666683197021,901254.3883191261,1.5
1X 3,8,1.0642666816711426,1105461.0467013305,2.3
1X 3,9,1.10426664352417,1590735.9203746265,1.65
1X 3,10,1.2202666997909546,1783820.7362294318,1.8
1X 3,11,1.256266713142395,1956359.486891244,2.05
1X 3,12,1.3082666397094727,1898367.6344290618,3
1X 3,13,1.3602666854858398,2322242.907113547,2.95
1X 3,14,1.4242666959762573,2974963.51593563,1.85
1X 3,15,1.4562666416168213,1150823.0633820526,3
1X 3,16,1.5162667036056519,4022976.459278448,2.95
1X 3,17,1.572266697883606,3534487.357652605,1.55
1X 3,18,1.6162666082382202,101231.44241044071,1.5
1X 3,19,1.6522666215896606,1297235.0956984605,2.1
1X 3,20,1.700266718864441,6720081.873836973,2.85
1X 3,21,1.756266713142395,4504716.581949412,2.95
1X 3,22,1.816266655921936,4895480.421109989,2.2
1X 3,23,1.8482667207717896,4962526.035684207,1.6
1X 3,24,1.9082666635513306,1715090.35877439,1.55
1X 3,25,1.9562666416168213,1249575.8534997832,3
1X 3,26,2.0242667198181152,22783544.444082446,2.95
1X 3,27,2.0722665786743164,1925211.9795132373,1.65
1X 3,28,2.10426664352417,53888.88856673444,1.55
1X 3,29,2.1402666568756104,26743148.204250418,3
1X 3,30,2.2042665481567383,2524199.54856886,1.75
1X 3,31,2.2562665939331055,5641095.252433599,2.95
1X 3,32,2.3082666397094727,2656658.9222690756,2.95
1X 3,33,2.356266736984253,2184390.2576013226,2.65
1X 3,34,2.3922667503356934,4362535.836283123,2.2
1X 3,35,2.4482667446136475,1008704.2585857654,1.55
1X 3,36,2.4922666549682617,45807.37727348184,1.5
1X 3,37,2.536266565322876,4330287.49715327,1.5
1X 3,38,2.5842666625976562,2535586.614421624,1.65
1X 3,39,2.6322667598724365,11526337.156707961,2.65
1X 3,40,2.6962666511535645,446109.54164278886,2.3
1X 3,41,2.732266664505005,8254570.901710457,1.9
1X 3,42,2.784266710281372,1529476.4793246395,1.6
1X 3,43,2.8162667751312256,404962.2550676039,1.5
1X 3,44,2.856266736984253,767722.379438436,2.95
1X 3,45,2.8802666664123535,2343112.85139157,1.5
1X 3,46,2.9562666416168213,2565222.0539381737,1.5
2X 1,1,0.6562666893005371,764478.2570324459,2.7
2X 1,2,0.6882666945457458,116116.14748647707,1.55
2X 1,3,0.7682666778564453,522120.5200086884,2.95
2X 1,4,0.8482666611671448,63977.355598043985,1.95
2X 1,5,0.9282666444778442,37128.03669568466,2.35
2X 1,6,0.960266649723053,68944.57362039197,1.55
2X 1,7,1.0362666845321655,998102.1054178035,1.5
2X 1,8,1.0762666463851929,2714353.084853054,1.5
2X 1,9,1.12826669216156,980070.4386036247,1.7
2X 1,10,1.2362666130065918,6099190.185644677,1.7
2X 1,11,1.2682666778564453,567153.0904808012,3
2X 1,12,1.3042666912078857,5810374.940304584,1.7
2X 1,13,1.3402667045593262,1777893.0415923474,2.15
2X 1,14,1.3802666664123535,1204080.0268585302,2.25
2X 1,15,1.4322667121887207,1189298.335525492,3
2X 1,16,1.4922666549682617,3642257.293850385,1.75
2X 1,17,1.544266700744629,653683.597893873,2.95
2X 1,18,1.6122666597366333,4337885.180370166,3
2X 1,19,1.656266689300537,407415.2043364162,1.95
2X 1,20,1.688266634941101,1105376.704807912,2.7
2X 1,21,1.7322666645050049,1489557.33441585,2.8
2X 1,22,1.7642666101455688,2667774.412429871,1.55
2X 1,23,1.8122667074203491,1457220.5656244867,2.15
2X 1,24,1.8682667016983032,2574544.2465398605,1.6
2X 1,25,1.9282666444778442,1361452.0077537252,2.6
2X 1,26,1.9602667093276978,1952208.9525351517,2.5
2X 1,27,1.9962667226791382,1329599.9145537736,2.2
2X 1,28,2.040266752243042,3609883.3442714023,1.55
2X 1,29,2.0842666625976562,1171366.628075715,1.55
2X 1,30,2.1322667598724365,12302651.13092672,3
2X 1,31,2.168266773223877,606983.8665501904,1.55
2X 1,32,2.212266683578491,2330490.849281475,1.5
2X 1,33,2.276266574859619,7660259.7030671295,3
2X 1,34,2.3362667560577393,1257414.6138572667,1.9
2X 1,35,2.3882665634155273,5270194.618929921,1.85
2X 1,36,2.416266679763794,1068984.5704816277,3
2X 1,37,2.472266674041748,6153933.435239807,3
2X 1,38,2.5522665977478027,16258365.661541607,3
2X 1,39,2.6202666759490967,2036597.520051988,1.55
2X 1,40,2.676266670227051,10336107.895798402,1.55
2X 1,41,2.736266613006592,8554036.080411123,2.95
2X 1,42,2.776266574859619,727902.2025237572,2.1
2X 1,43,2.8202667236328125,8075494.666035507,1.55
2X 1,44,2.8802666664123535,4027760.141870594,2.2
2X 1,45,2.90826678276062,1172038.0610682804,2.25
2X 1,46,2.9402666091918945,6458572.438064752,2.25
2X 1,47,2.980266571044922,1061133.1504877268,2.35
2X 2,1,0.6242666840553284,1055807.2028559966,1.9
2X 2,2,0.660266637802124,384550.1243914361,2.3
2X 2,3,0.7282666563987732,45735.71836355144,2.15
2X 2,4,0.7682666778564453,263603.182690925,2.95
2X 2,5,0.8242666721343994,318901.61620172096,3
2X 2,6,0.8922666907310486,1715326.5004054664,2.1
2X 2,7,0.9322666525840759,162311.1841878733,2.25
2X 2,8,1.0122666358947754,864363.9484126408,1.9
2X 2,9,1.0682666301727295,2686624.739270984,2.35
2X 2,10,1.1162666082382202,1005868.1083671108,2.35
2X 2,11,1.2322666645050049,11014618.061012875,1.55
2X 2,12,1.3282666206359863,7506958.584437875,1.65
2X 2,13,1.3722666501998901,4939194.513891239,2.65
2X 2,14,1.4242666959762573,3435697.9283383107,3
2X 2,15,1.472266674041748,2896498.7105419296,1.55
2X 2,16,1.5282666683197021,4555290.80180639,1.55
2X 2,17,1.5842666625976562,845835.3869453991,1.8
2X 2,18,1.6162666082382202,5344626.471447216,2.7
2X 2,19,1.660266637802124,4319703.955882992,1.65
2X 2,20,1.7242666482925415,9460968.579014525,2
2X 2,21,1.760266661643982,5387818.094457117,1.6
2X 2,22,1.792266607284546,1115525.4914856537,2.2
2X 2,23,1.8282666206359863,5893668.846623173,2.6
2X 2,24,1.8642666339874268,969279.9874991211,1.9
2X 2,25,1.8962666988372803,7160884.233438767,2.55
2X 2,26,1.948266625404358,3872142.557219812,2.25
2X 2,27,1.9882667064666748,704235.0512016414,1.5
2X 2,28,2.032266616821289,3490013.9508212153,3
2X 2,29,2.10426664352417,597499.4101213331,1.55
2X 2,30,2.1442666053771973,17138467.387282655,3
2X 2,31,2.1922667026519775,511231.4547049792,1.5
2X 2,32,2.228266716003418,10692644.59251261,1.8
2X 2,33,2.2602667808532715,9792182.684537258,2.65
2X 2,34,2.296266555786133,2594175.094080488,2.3
2X 2,35,2.3882665634155273,11266721.386255486,1.7
2X 2,36,2.4322667121887207,3528445.792579889,2.8
2X 2,37,2.468266725540161,1254336.7497539825,1.85
2X 2,38,2.5202667713165283,3493522.437159378,1.6
2X 2,39,2.5522665977478027,100069.6328772707,2.05
2X 2,40,2.600266695022583,7699808.969044853,3
2X 2,41,2.6442666053771973,2283725.7201097948,1.5
2X 2,42,2.6882667541503906,1877305.861740887,1.6
2X 2,43,2.7482666969299316,5180559.298209944,3
2X 2,44,2.800266742706299,3101382.016709697,3
2X 2,45,2.840266704559326,2142357.6765873428,2.65
2X 2,46,2.8842666149139404,1492430.0361624472,2.7
2X 2,47,2.928266763687134,4806921.666042483,2.4
2X 2,48,2.976266622543335,17255511.49463764,2.95
2X 3,1,0.6202666759490967,470428.12923237204,1.6
2X 3,2,0.7002666592597961,482495.75978453946,2.1
2X 3,3,0.8122666478157043,774508.8518221583,1.65
2X 3,4,0.9362666606903076,298321.2561528411,1.55
2X 3,5,0.9802666902542114,243324.18537289134,1.55
2X 3,6,1.0482666492462158,957884.6575671567,2.55
2X 3,7,1.0802667140960693,1721357.797360013,1.8
2X 3,8,1.2082666158676147,2192237.5151610556,1.5
2X 3,9,1.2522666454315186,2384370.5920936614,1.85
2X 3,10,1.3082666397094727,144351.38503737314,2.15
2X 3,11,1.3642666339874268,5370616.736006089,2.65
2X 3,12,1.4242666959762573,2202886.4376697894,1.5
2X 3,13,1.4682667255401611,5370470.146240108,2.95
2X 3,14,1.5122666358947754,252987.62569551656,2.1
2X 3,15,1.5602666139602661,7897248.355649633,1.5
2X 3,16,1.6082667112350464,2610735.83395988,2.2
2X 3,17,1.6482666730880737,254881.60999303832,1.6
2X 3,18,1.700266718864441,2795462.342765597,2.3
2X 3,19,1.7322666645050049,2964625.75973665,1.85
2X 3,20,1.784266710281372,1430226.4107163525,1.6
2X 3,21,1.8202667236328125,3321430.458508557,2.15
2X 3,22,1.8722666501998901,2155101.613792904,2.5
2X 3,23,1.9242666959762573,1884018.636160183,1.5
2X 3,24,1.9842666387557983,922655.2576721349,2.45
2X 3,25,2.0162665843963623,2183342.8766250685,2.3
2X 3,26,2.088266611099243,2960676.4282575394,1.85
2X 3,27,2.1402666568756104,47567810.18150833,3
2X 3,28,2.172266721725464,1026178.8657852875,1.6
2X 3,29,2.2042665481567383,2094227.5124295051,1.5
2X 3,30,2.2482666969299316,10490877.842936227,3
2X 3,31,2.3042666912078857,5946314.072291549,3
2X 3,32,2.352266550064087,244870.1815009852,1.7
2X 3,33,2.3882665634155273,1757020.6985689614,1.65
2X 3,34,2.4402666091918945,2128338.870452319,2.95
2X 3,35,2.5042667388916016,1021451.0878292623,1.75
2X 3,36,2.540266752243042,7684180.854306032,3
2X 3,37,2.6402666568756104,11859362.048343886,1.55
2X 3,38,2.672266721725464,4452796.388157465,2.25
2X 3,39,2.7002665996551514,4374615.05056637,1.55
2X 3,40,2.7482666969299316,2813440.454733588,2.5
2X 3,41,2.784266710281372,2358663.9395996216,1.7
2X 3,42,2.8122665882110596,4595687.193293929,2.25
2X 3,43,2.8482666015625,4460833.825600454,1.8
2X 3,44,2.8842666149139404,3353569.960570103,2.95
2X 3,45,2.912266731262207,1055496.711143194,1.6
2X 3,46,2.9482667446136475,8827514.019327413,3
2X 3,47,2.984266757965088,2041730.786203653,1.5
4X 1,1,0.6402666568756104,1818014.7738119974,1.65
4X 1,2,0.7002666592597961,472182.2018460999,2.85
4X 1,3,0.7482666373252869,98590.19109329407,2.05
4X 1,4,0.800266683101654,127735.40443993353,1.6
4X 1,5,0.8602666854858398,67248.32212333444,2.7
4X 1,6,0.9002666473388672,551521.9900744882,2.15
4X 1,7,0.9482666850090027,20080.52112866028,2.05
4X 1,8,0.9842666387557983,1572575.7016776945,2.65
4X 1,9,1.0202666521072388,429403.6828120949,1.85
4X 1,10,1.0562666654586792,149227.49248954738,2.65
4X 1,11,1.0922666788101196,134351.33137578293,2.45
4X 1,12,1.1242666244506836,199979.20051927437,1.55
4X 1,13,1.2162666320800781,747657.8289479384,1.85
4X 1,14,1.256266713142395,578234.0357164256,2.5
4X 1,15,1.2962666749954224,959589.0609417693,2.65
4X 1,16,1.344266653060913,6815689.862531322,3
4X 1,17,1.4002666473388672,3153447.169610513,3
4X 1,18,1.4362666606903076,113237.20447448056,1.5
4X 1,19,1.472266674041748,1195562.4339895288,1.6
4X 1,20,1.532266616821289,612083.2316566379,2.75
4X 1,21,1.5922666788101196,1065062.2931445513,3
4X 1,22,1.632266640663147,33982.68001394112,1.7
4X 1,23,1.6682666540145874,1478321.1440233216,2.25
4X 1,24,1.7242666482925415,4709366.633814954,1.5
4X 1,25,1.7722666263580322,820666.663196283,1.5
4X 1,26,1.8242666721343994,220893.8838093534,2.35
4X 1,27,1.8562666177749634,430544.2796326978,2.9
4X 1,28,1.9082666635513306,5406294.127608606,2.85
4X 1,29,1.9642666578292847,7731439.695152146,3
4X 1,30,2.036266565322876,9917943.316849945,2.95
4X 1,31,2.108266592025757,1776648.6977678167,1.55
4X 1,32,2.1402666568756104,18410981.23620153,3
4X 1,33,2.2042665481567383,4720636.8833602015,2.5
4X 1,34,2.2402665615081787,1256420.9556225466,1.6
4X 1,35,2.276266574859619,8822409.120986583,2.9
4X 1,36,2.3362667560577393,2145426.7377809593,2.55
4X 1,37,2.3762667179107666,2448460.516291348,1.5
4X 1,38,2.428266763687134,682752.3677676504,1.55
4X 1,39,2.468266725540161,3431516.5699542854,2.95
4X 1,40,2.4962666034698486,2105499.2273355084,1.5
4X 1,41,2.5522665977478027,12625436.226872269,3
4X 1,42,2.60426664352417,5666554.193512725,1.5
4X 1,43,2.6402666568756104,3745989.726957271,3
4X 1,44,2.7002665996551514,885578.6066724394,1.6
4X 1,45,2.7522666454315186,12349495.483828722,1.75
4X 1,46,2.8122665882110596,1098998.1417601316,2.25
4X 1,47,2.8682665824890137,4082924.0834888043,3
4X 1,48,2.9242665767669678,10977516.214059196,2.85
4X 1,49,2.976266622543335,10859288.76548538,2.95
4X 2,1,0.644266664981842,604190.2337122057,2.95
4X 2,2,0.7242666482925415,524787.7009752946,1.75
4X 2,3,0.8282666802406311,184671.8887095322,2.3
4X 2,4,0.9082666635513306,302677.83920529217,3
4X 2,5,0.98826664686203,769281.4547273772,2.2
4X 2,6,1.0402666330337524,3013719.2877826286,2.95
4X 2,7,1.0762666463851929,1262009.7471133454,1.5
4X 2,8,1.1162666082382202,944280.9550973725,2.15
4X 2,9,1.228266716003418,4642852.227214968,2
4X 2,10,1.2682666778564453,5037274.102375646,2.9
4X 2,11,1.316266655921936,214223.46706864447,2.7
4X 2,12,1.3562666177749634,9149203.384202605,2.75
4X 2,13,1.4202666282653809,878539.5221379249,2.95
4X 2,14,1.4682667255401611,1217742.056540993,2.2
4X 2,15,1.500266671180725,1645886.714065744,1.8
4X 2,16,1.532266616821289,3216235.6047691284,2.45
4X 2,17,1.5762666463851929,2140127.706220436,3
4X 2,18,1.6482666730880737,1825981.170016426,2.95
4X 2,19,1.700266718864441,7646434.560615053,2.95
4X 2,20,1.7522666454315186,307425.2119889508,2.8
4X 2,21,1.8202667236328125,3424915.607705069,1.6
4X 2,22,1.8842666149139404,3695085.8004458644,1.55
4X 2,23,1.9962667226791382,1802550.892535401,1.65
4X 2,24,2.028266668319702,5518116.5003068345,2.65
4X 2,25,2.0682666301727295,1193609.3864983562,2.3
4X 2,26,2.100266695022583,77367.23601554472,1.5
4X 2,27,2.1402666568756104,8815139.237594552,3
4X 2,28,2.212266683578491,1728412.131387998,1.8
4X 2,29,2.300266742706299,2160978.589717178,1.5
4X 2,30,2.3242666721343994,4173529.2188789747,1.55
4X 2,31,2.3802666664123535,4720517.967221575,2.2
4X 2,32,2.464266777038574,5669880.675450645,2.2
4X 2,33,2.5002665519714355,639318.1875788443,1.75
4X 2,34,2.5522665977478027,8518794.495590968,3
4X 2,35,2.6162667274475098,6656121.675285877,2.95
4X 2,36,2.656266689300537,8303547.338597499,1.55
4X 2,37,2.6962666511535645,3406482.5262849107,2.45
4X 2,38,2.732266664505005,2837236.9679471655,1.55
4X 2,39,2.7722666263580322,1575068.449794171,1.65
4X 2,40,2.8282666206359863,687525.23101516,1.5
4X 2,41,2.8882665634155273,8110991.939182354,1.55
4X 2,42,2.912266731262207,422325.5862263065,2.3
4X 2,43,2.9522666931152344,2431227.892273167,2.55
4X 3,1,0.644266664981842,78261.83233665298,1.6
4X 3,2,0.7122666835784912,366021.16344720055,1.6
4X 3,3,0.7482666373252869,192569.01836540602,2.1
4X 3,4,0.8282666802406311,103386.40132152887,2.5
4X 3,5,0.8882666826248169,1411116.0614985235,2.65
4X 3,6,0.9242666959762573,261869.10273093922,1.95
4X 3,7,1.000266671180725,1079282.2961523982,1.5
4X 3,8,1.0522667169570923,1028066.3233282459,1.6
4X 3,9,1.0842666625976562,596497.4948741285,2.25
4X 3,10,1.1162666082382202,1918519.693388699,1.6
4X 3,11,1.2042666673660278,531697.3672227646,1.5
4X 3,12,1.2762666940689087,2957804.619925372,2.8
4X 3,13,1.3242666721343994,3608480.277195326,2.1
4X 3,14,1.3562666177749634,15022088.110460397,1.5
4X 3,15,1.4042667150497437,417512.8323201785,1.5
4X 3,16,1.4522666931152344,2528255.603610033,2.1
4X 3,17,1.4922666549682617,218480.37294885353,2.05
4X 3,18,1.5242667198181152,3333566.174356927,2.9
4X 3,19,1.5602666139602661,812433.1340964049,1.7
4X 3,20,1.6082667112350464,1154231.2320203104,1.6
4X 3,21,1.6682666540145874,4077493.6237854394,2
4X 3,22,1.7082666158676147,10881903.246121695,1.9
4X 3,23,1.788266658782959,1474085.6611395516,1.6
4X 3,24,1.8282666206359863,1802720.417246019,1.5
4X 3,25,1.8762667179107666,2571126.468935467,2.95
4X 3,26,1.9202666282653809,8444634.87264851,1.6
4X 3,27,1.9602667093276978,8863250.567677626,1.6
4X 3,28,2.0082666873931885,5336240.3970842445,1.55
4X 3,29,2.044266700744629,3601000.469049507,1.55
4X 3,30,2.088266611099243,3354486.955214056,2.2
4X 3,31,2.1402666568756104,43448410.272109196,2.95
4X 3,32,2.172266721725464,1102623.0301558953,1.55
4X 3,33,2.2042665481567383,352637.8635614917,1.5
4X 3,34,2.2482666969299316,11038299.822612653,3
4X 3,35,2.3202667236328125,1989080.8848004895,3
4X 3,36,2.3802666664123535,6792965.365938296,1.5
4X 3,37,2.4322667121887207,473665.84786612855,2.5
4X 3,38,2.460266590118408,6419296.981024326,1.65
4X 3,39,2.4962666034698486,49886.49899978901,1.95
4X 3,40,2.548266649246216,3146488.1590582537,2.95
4X 3,41,2.588266611099243,2758100.591532192,1.6
4X 3,42,2.6322667598724365,12984493.385414721,1.65
4X 3,43,2.664266586303711,956299.0538858889,2.1
4X 3,44,2.7042665481567383,805902.2724431504,1.5
4X 3,45,2.7522666454315186,2157234.9874426513,2.05
4X 3,46,2.784266710281372,1061017.3357721348,2.75
4X 3,47,2.8162667751312256,1538967.7135618397,1.5
4X 3,48,2.8482666015625,1888277.055957993,1.5
4X 3,49,2.90826678276062,597376.5853882121,1.65
4X 3,50,2.9522666931152344,3190594.9958405276,2.95
8X 1,1,0.6682666540145874,315465.6901398941,1.9
8X 1,2,0.7002666592597961,1959160.5584313918,1.6
8X 1,3,0.7362666726112366,105696.50561897333,1.55
8X 1,4,0.7682666778564453,58406.4545780456,1.85
8X 1,5,0.800266683101654,3190734.511094614,1.6
8X 1,6,0.8682666420936584,317288.6219902825,1.55
8X 1,7,0.9242666959762573,630151.309104401,2.45
8X 1,8,0.960266649723053,175067.82242831317,2.5
8X 1,9,1.004266619682312,1177269.9171699914,1.8
8X 1,10,1.0522667169570923,546555.9076691503,2.35
8X 1,11,1.100266695022583,3781951.6754082395,1.55
8X 1,12,1.2082666158676147,6641964.085788781,1.5
8X 1,13,1.2442666292190552,4938534.108321184,1.75
8X 1,14,1.3042666912078857,3505831.141141659,2.55
8X 1,15,1.3562666177749634,1861375.7239512485,3
8X 1,16,1.4082666635513306,10284844.823070534,3
8X 1,17,1.4562666416168213,1097823.411772477,3
8X 1,18,1.5162667036056519,5557469.21700607,1.7
8X 1,19,1.5962666273117065,5104445.594776515,1.6
8X 1,20,1.656266689300537,860515.2153326443,2
8X 1,21,1.7202666997909546,1254297.076552323,3
8X 1,22,1.7762666940689087,2729472.2006376158,1.85
8X 1,23,1.8082666397094727,3031839.2565125055,1.8
8X 1,24,1.8482667207717896,4090807.6760342917,2.25
8X 1,25,1.9002666473388672,67713.11718502337,1.55
8X 1,26,1.9402666091918945,6115130.696575876,1.8
8X 1,27,1.976266622543335,498242.15999423305,1.5
8X 1,28,2.0242667198181152,14522529.718287397,3
8X 1,29,2.108266592025757,2147562.7287373473,1.75
8X 1,30,2.15226674079895,20384244.189981654,2.95
8X 1,31,2.1922667026519775,2894590.2721431465,2.5
8X 1,32,2.2442667484283447,9749366.85675062,2.95
8X 1,33,2.284266710281372,3952618.8955949466,1.6
8X 1,34,2.3322665691375732,1288265.3217880519,2.5
8X 1,35,2.3722667694091797,745324.1707727641,2.55
8X 1,36,2.412266731262207,1144378.0267918552,1.5
8X 1,37,2.4562666416168213,2025189.3924479494,1.8
8X 1,38,2.5162665843963623,6821807.011584666,1.6
8X 1,39,2.5562667846679688,4291825.0226854095,2.85
8X 1,40,2.596266746520996,1589783.019948411,2.65
8X 1,41,2.6282665729522705,108849.91734793049,1.55
8X 1,42,2.664266586303711,3358628.7733926997,3
8X 1,43,2.716266632080078,3418548.9551943867,1.7
8X 1,44,2.792266607284546,5026025.763777892,2.65
8X 1,45,2.8362667560577393,9539106.446573991,3
8X 1,46,2.8802666664123535,9171950.935248405,1.75
8X 1,47,2.9242665767669678,6297593.464399037,1.9
8X 1,48,2.984266757965088,9800153.120327285,2.1
8X 2,1,0.6282666921615601,695827.9619678808,1.6
8X 2,2,0.6642666459083557,482993.282308775,2.65
8X 2,3,0.6962666511535645,710530.9978672358,1.55
8X 2,4,0.7402666807174683,814327.2274248628,1.8
8X 2,5,0.8562666773796082,793426.983171779,3
8X 2,6,0.8962666392326355,25760.902493485457,1.85
8X 2,7,0.9482666850090027,829566.7521965127,2.95
8X 2,8,0.9962666630744934,158207.19275530157,1.9
8X 2,9,1.032266616821289,1391340.1071604695,2.75
8X 2,10,1.0682666301727295,646213.5350576525,1.65
8X 2,11,1.1162666082382202,1209181.5374333034,2.05
8X 2,12,1.2122666835784912,2611743.7404677714,2.05
8X 2,13,1.260266661643982,4536911.86847696,2
8X 2,14,1.3202667236328125,4004483.3352254955,2.25
8X 2,15,1.3522666692733765,10067273.731225995,1.65
8X 2,16,1.4282666444778442,739180.0882144641,2.95
8X 2,17,1.4922666549682617,823115.2056304768,3
8X 2,18,1.544266700744629,3261921.760126616,1.7
8X 2,19,1.5802667140960693,56161.05647577259,1.55
8X 2,20,1.632266640663147,1930527.9149193626,2.2
8X 2,21,1.6642667055130005,996020.5635323323,2.75
8X 2,22,1.7122666835784912,184645.95527679607,2.05
8X 2,23,1.756266713142395,1765253.4785982952,1.65
8X 2,24,1.8002666234970093,1775395.6712511026,1.85
8X 2,25,1.8402667045593262,1485450.8339985546,1.75
8X 2,26,1.8722666501998901,427458.03092266904,1.5
8X 2,27,1.9082666635513306,771381.7983216405,2.95
8X 2,28,1.9602667093276978,1314843.4859276768,1.5
8X 2,29,2.0082666873931885,351465.1970421781,1.6
8X 2,30,2.040266752243042,5314712.767283859,2.5
8X 2,31,2.0842666625976562,1162749.813887251,2.95
8X 2,32,2.1282665729522705,4807843.720949753,2.75
8X 2,33,2.160266637802124,2957808.174486826,2.75
8X 2,34,2.224266767501831,7937907.737810432,1.55
8X 2,35,2.2602667808532715,4752680.563925023,2.95
8X 2,36,2.3202667236328125,424959.5740168645,1.6
8X 2,37,2.356266736984253,4987377.989912647,3
8X 2,38,2.416266679763794,1193288.2018394666,1.6
8X 2,39,2.4482667446136475,2156798.80253791,3
8X 2,40,2.4962666034698486,3852334.8129321747,2.75
8X 2,41,2.528266668319702,2656495.8055396006,1.5
8X 2,42,2.5682666301727295,3331411.4808691633,1.85
8X 2,43,2.6162667274475098,1021615.4096895322,1.5
8X 2,44,2.65226674079895,1734254.0784842055,2.45
8X 2,45,2.7042665481567383,3903716.365759673,2.2
8X 2,46,2.7522666454315186,1040475.8282387516,2.75
8X 2,47,2.8202667236328125,1083041.7332570478,3
8X 2,48,2.8682665824890137,617895.8104585852,1.5
8X 2,49,2.90826678276062,144429.149300187,1.55
8X 2,50,2.9442665576934814,6346383.71600909,2.45
8X 2,51,2.976266622543335,10932018.028832495,1.6
8X 3,1,0.644266664981842,243260.80532359824,1.55
8X 3,2,0.6762666702270508,429799.16226245806,1.75
8X 3,3,0.7282666563987732,231863.35180557828,1.9
8X 3,4,0.772266685962677,173081.3868039627,1.85
8X 3,5,0.8082666397094727,143515.83789715625,1.85
8X 3,6,0.8882666826248169,197600.41907680943,2.2
8X 3,7,0.9682666659355164,612349.8144000563,1.55
8X 3,8,1.0202666521072388,2207889.4558674134,1.6
8X 3,9,1.0602666139602661,162727.94736607204,1.6
8X 3,10,1.0922666788101196,1503956.5090173413,2.35
8X 3,11,1.1162666082382202,2128856.6932965433,1.65
8X 3,12,1.288266658782959,6027742.088633681,1.65
8X 3,13,1.3482667207717896,3474529.3678926686,2.55
8X 3,14,1.3842666149139404,2077512.210917804,2.7
8X 3,15,1.4282666444778442,5974431.954628145,1.6
8X 3,16,1.4842666387557983,7933043.308733637,1.55
8X 3,17,1.5202666521072388,1948134.013915877,1.55
8X 3,18,1.5602666139602661,1118457.873885771,2
8X 3,19,1.600266695022583,3370702.1604491994,2.95
8X 3,20,1.6442667245864868,3850579.386371582,1.8
8X 3,21,1.6842666864395142,4624973.710786031,2.95
8X 3,22,1.7122666835784912,3725746.149458121,1.55
8X 3,23,1.7442666292190552,126756.98387668187,2.75
8X 3,24,1.8002666234970093,10201891.621167658,1.6
8X 3,25,1.8562666177749634,304710.9813014267,1.55
8X 3,26,1.8922666311264038,10279628.09911441,1.5
8X 3,27,1.9282666444778442,6992045.695550721,2.55
8X 3,28,1.9802666902542114,364295.95321030484,2.85
8X 3,29,2.048266649246216,975512.912926385,1.6
8X 3,30,2.088266611099243,2549868.879694365,1.65
8X 3,31,2.1362667083740234,15655496.694247723,2.95
8X 3,32,2.1882667541503906,6043563.71412095,1.5
8X 3,33,2.224266767501831,7219137.156936929,2
8X 3,34,2.276266574859619,1831842.3868440618,1.85
8X 3,35,2.3202667236328125,2348287.4828485935,1.85
8X 3,36,2.3642666339874268,2512562.058012853,1.55
8X 3,37,2.40826678276062,2896517.672941958,2.25
8X 3,38,2.4522666931152344,691788.8004885203,2
8X 3,39,2.5002665519714355,1549271.1376625868,2.1
8X 3,40,2.540266752243042,11578813.706049114,2.95
8X 3,41,2.612266778945923,3183761.0402410105,1.5
8X 3,42,2.648266553878784,843498.1247417195,2.95
8X 3,43,2.6922667026519775,8552993.547478907,1.9
8X 3,44,2.732266664505005,8922207.197027855,1.9
8X 3,45,2.776266574859619,826664.0480151688,2
8X 3,46,2.8082666397094727,4818577.232934871,1.9
8X 3,47,2.856266736984253,12297851.632080626,1.6
8X 3,48,2.8962666988372803,4047325.268397914,1.6
8X 3,49,2.928266763687134,1861033.3868456355,1.95
16X 1,1,0.6402666568756104,301893.1962376691,2.5
16X 1,2,0.7642666697502136,426225.85554085823,2.4
16X 1,3,0.8122666478157043,756903.7126528285,2.7
16X 1,4,0.8682666420936584,146466.1484490876,2.3
16X 1,5,0.9002666473388672,1213.8049671303013,1.95
16X 1,6,0.9362666606903076,1301378.3755618425,2.1
16X 1,7,0.9842666387557983,2210432.734508096,1.9
16X 1,8,1.0562666654586792,1246789.6937411209,1.95
16X 1,9,1.0882666110992432,668082.9552796927,2.5
16X 1,10,1.1162666082382202,16032383.49991664,1.55
16X 1,11,1.2242666482925415,111307.71755410224,2.05
16X 1,12,1.3002666234970093,8189163.8289548345,1.55
16X 1,13,1.3722666501998901,2425048.930937472,1.55
16X 1,14,1.4522666931152344,3747216.751252483,1.95
16X 1,15,1.4962667226791382,2683215.1846028473,2.4
16X 1,16,1.5602666139602661,2187065.612509462,3
16X 1,17,1.6202666759490967,2114052.8781899577,2.85
16X 1,18,1.6522666215896606,793492.6442285287,2.05
16X 1,19,1.7082666158676147,882294.9039175379,2.1
16X 1,20,1.7482666969299316,8114668.0622733515,3
16X 1,21,1.816266655921936,4736423.112177506,3
16X 1,22,1.8722666501998901,2110124.2144109914,2.65
16X 1,23,1.9122666120529175,2814664.572061855,2.1
16X 1,24,1.948266625404358,3335722.0191921038,1.55
16X 1,25,1.9962667226791382,3226938.1305364743,2.75
16X 1,26,2.036266565322876,2394433.9084703666,2.65
16X 1,27,2.088266611099243,6236228.936419652,2.1
16X 1,28,2.112266778945923,2173286.6988193155,1.65
16X 1,29,2.1442666053771973,23263731.040311538,3
16X 1,30,2.2042665481567383,1228677.2721310006,1.55
16X 1,31,2.2682666778564453,2373984.4302103412,3
16X 1,32,2.3242666721343994,2039579.7015308468,2.05
16X 1,33,2.3882665634155273,5814307.197337416,3
16X 1,34,2.460266590118408,3993441.871836022,1.75
16X 1,35,2.5202667713165283,1006705.9539854113,2.45
16X 1,36,2.5602667331695557,18560627.84498657,2.35
16X 1,37,2.60426664352417,7601026.68307793,1.9
16X 1,38,2.656266689300537,2292992.5145038227,1.6
16X 1,39,2.736266613006592,725616.8605798584,1.6
16X 1,40,2.788266658782959,12947595.131152505,1.5
16X 1,41,2.856266736984253,28621243.182304148,2.2
16X 1,42,2.8962666988372803,6140916.377779159,1.6
16X 1,43,2.9362666606903076,9345242.144138044,2.85
16X 1,44,2.964266777038574,781140.2437858502,1.55
16X 2,1,0.644266664981842,2876050.262336765,3
16X 2,2,0.7602666616439819,980335.0273561535,1.55
16X 2,3,0.8122666478157043,89121.37099261691,1.6
16X 2,4,0.8602666854858398,161704.83234387168,1.9
16X 2,5,0.9002666473388672,255388.71589814298,3
16X 2,6,1.0082666873931885,4103553.0320905885,3
16X 2,7,1.0682666301727295,2404057.523535317,1.75
16X 2,8,1.1122666597366333,10221400.005882258,2.15
16X 2,9,1.2442666292190552,910683.0170108867,2.15
16X 2,10,1.3402667045593262,1535207.8903799735,1.95
16X 2,11,1.3842666149139404,384367.8512382772,2
16X 2,12,1.4242666959762573,1398803.465247326,2.95
16X 2,13,1.4642666578292847,6781913.030323638,1.95
16X 2,14,1.500266671180725,453877.17063401605,2.1
16X 2,15,1.5242667198181152,53189.96652065707,2.05
16X 2,16,1.5642666816711426,172213.90531370783,3
16X 2,17,1.6162666082382202,2549479.3387992997,1.5
16X 2,18,1.660266637802124,5574944.95835178,2.75
16X 2,19,1.7202666997909546,832678.0433690364,1.75
16X 2,20,1.760266661643982,5571388.892971056,2.55
16X 2,21,1.792266607284546,722856.086358175,2.3
16X 2,22,1.8522666692733765,2574156.8618729473,1.55
16X 2,23,1.9002666473388672,956087.2521276884,1.95
16X 2,24,1.944266676902771,5861729.939831707,1.55
16X 2,25,1.976266622543335,472272.750347106,2.15
16X 2,26,2.0122666358947754,5195286.735678255,1.95
16X 2,27,2.048266649246216,5821310.419309548,1.55
16X 2,28,2.1242666244506836,14522243.223848144,3
16X 2,29,2.168266773223877,8119840.851570885,2.7
16X 2,30,2.2002665996551514,1992156.5527043128,2.3
16X 2,31,2.224266767501831,10565682.508326462,1.55
16X 2,32,2.2522666454315186,2178472.642953898,2.25
16X 2,33,2.3042666912078857,4979748.655320604,2.3
16X 2,34,2.352266550064087,3239811.0825756835,2.1
16X 2,35,2.4322667121887207,5528269.130389767,1.6
16X 2,36,2.472266674041748,55734.89833965928,1.5
16X 2,37,2.548266649246216,1044561.7198279842,2.65
16X 2,38,2.5802667140960693,1900418.1872137268,1.65
16X 2,39,2.612266778945923,3544693.9287659,3
16X 2,40,2.668266773223877,8929077.031191045,2.65
16X 2,41,2.728266716003418,2564929.7400110196,3
16X 2,42,2.7642667293548584,120534.62444461408,1.6
16X 2,43,2.8202667236328125,1983577.8572499081,3
16X 2,44,2.8722667694091797,7226384.004839063,3
16X 2,45,2.916266679763794,9918274.928717257,2.5
16X 2,46,2.960266590118408,1576424.5002216394,1.55
16X 3,1,0.6482666730880737,478001.72062221507,1.65
16X 3,2,0.6802666783332825,26256.323862825942,1.95
16X 3,3,0.7122666835784912,13665.182566250503,1.5
16X 3,4,0.7442666888237,1040364.0942693072,2.9
16X 3,5,0.8282666802406311,869763.2214339823,2.95
16X 3,6,0.8802666664123535,91465.78362183897,1.6
16X 3,7,0.9122666716575623,64966.391334453525,1.5
16X 3,8,0.944266676902771,1397274.151694041,2.05
16X 3,9,0.9842666387557983,1707613.92510269,1.75
16X 3,10,1.0202666521072388,2371253.189014248,3
16X 3,11,1.0682666301727295,281719.8826736675,1.8
16X 3,12,1.1162666082382202,3053414.326584757,1.75
16X 3,13,1.2482666969299316,1413928.7845700453,1.85
16X 3,14,1.3002666234970093,2544317.898437557,1.5
16X 3,15,1.3522666692733765,8658415.43296358,2.75
16X 3,16,1.3922666311264038,1498929.3216295077,1.8
16X 3,17,1.472266674041748,385514.7577516462,1.9
16X 3,18,1.504266619682312,1742551.1170779096,1.5
16X 3,19,1.5922666788101196,2380632.021187981,1.75
16X 3,20,1.6522666215896606,2357726.121212925,2.2
16X 3,21,1.7042666673660278,2334840.057669178,1.65
16X 3,22,1.7402666807174683,2391803.738708686,1.5
16X 3,23,1.788266658782959,1612113.778077091,2.75
16X 3,24,1.8242666721343994,386794.1024265256,1.95
16X 3,25,1.8722666501998901,2331709.458298793,1.55
16X 3,26,1.9082666635513306,379439.186436918,2.25
16X 3,27,1.9402666091918945,3559656.7501595104,1.6
16X 3,28,2.036266565322876,1589929.3035649562,1.55
16X 3,29,2.0722665786743164,3785615.358207527,3
16X 3,30,2.1402666568756104,46553079.53808772,3
16X 3,31,2.176266670227051,1889136.8746923164,1.7
16X 3,32,2.220266580581665,2917933.8519561905,2
16X 3,33,2.2722666263580322,9354698.430486182,2.95
16X 3,34,2.3162667751312256,1526671.74413332,1.7
16X 3,35,2.352266550064087,6691570.237797003,3
16X 3,36,2.404266595840454,332040.53910868475,1.85
16X 3,37,2.4442665576934814,7053621.293336581,3
16X 3,38,2.5042667388916016,1230043.215949765,2.05
16X 3,39,2.540266752243042,733746.5851924361,1.6
16X 3,40,2.5842666625976562,5162086.321005665,1.9
16X 3,41,2.6282665729522705,887644.544481844,1.6
16X 3,42,2.664266586303711,1801992.7486443024,2.9
16X 3,43,2.720266580581665,3288491.8833634504,2.95
16X 3,44,2.7562665939331055,64270.577664867604,2
16X 3,45,2.796266555786133,1701270.0723498226,1.8
16X 3,46,2.8362667560577393,1776195.0362732813,1.6
16X 3,47,2.8802666664123535,3971231.769254029,3
16X 3,48,2.912266731262207,92497.59325149069,1.55
16X 3,49,2.9522666931152344,3105407.5012121494,2.2
32X 1,1,0.6402666568756104,74163.5808774126,1.5
32X 1,2,0.7442666888237,857293.4515289532,1.9
32X 1,3,0.8242666721343994,453472.959994228,2.75
32X 1,4,0.9402666687965393,951142.449912571,2.95
32X 1,5,1.0202666521072388,1601695.7945627002,1.55
32X 1,6,1.072266697883606,2762680.572232094,2.9
32X 1,7,1.1122666597366333,2295400.393699756,1.7
32X 1,8,1.2202666997909546,1443534.4390412972,1.55
32X 1,9,1.2802666425704956,20846216.777360946,1.65
32X 1,10,1.3202667236328125,1233994.7063199212,1.55
32X 1,11,1.3762667179107666,345283.1095198945,1.6
32X 1,12,1.4322667121887207,3037770.581814604,3
32X 1,13,1.4642666578292847,922696.517110396,1.5
32X 1,14,1.4922666549682617,1344915.0715305335,2.2
32X 1,15,1.5282666683197021,3403953.117647887,1.55
32X 1,16,1.5602666139602661,1273613.7083737517,1.7
32X 1,17,1.6122666597366333,28830759.346040186,3
32X 1,18,1.6482666730880737,55048.699627062146,1.6
32X 1,19,1.7162666320800781,1169828.6769493737,3
32X 1,20,1.760266661643982,1038375.6516964487,1.6
32X 1,21,1.7962666749954224,7278476.729284808,2.85
32X 1,22,1.8402667045593262,74675.64309550286,1.6
32X 1,23,1.916266679763794,1542690.2754002833,2.9
32X 1,24,1.9802666902542114,2124469.988148012,1.6
32X 1,25,2.028266668319702,15381479.685200844,2.85
32X 1,26,2.0642666816711426,5463796.444082165,1.85
32X 1,27,2.100266695022583,14490744.750920417,1.8
32X 1,28,2.148266553878784,32835640.40681908,2.95
32X 1,29,2.2002665996551514,4106190.5046268078,2.1
32X 1,30,2.2522666454315186,8385337.39010141,2.95
32X 1,31,2.300266742706299,4598839.2369748335,1.5
32X 1,32,2.36026668548584,1971300.5546403106,1.6
32X 1,33,2.4442665576934814,5281092.20016992,1.65
32X 1,34,2.5082666873931885,995525.1597060321,1.55
32X 1,35,2.5682666301727295,4091880.3264588104,2.95
32X 1,36,2.60426664352417,342536.1201581256,1.5
32X 1,37,2.6442666053771973,12084821.006513244,2.95
32X 1,38,2.6802666187286377,1269983.6320650852,1.6
32X 1,39,2.712266683578491,1425702.7828255524,1.5
32X 1,40,2.7642667293548584,5126813.639807344,2.95
32X 1,41,2.8322665691375732,11320665.770886756,1.85
32X 1,42,2.8682665824890137,10440922.045822227,1.75
32X 1,43,2.9322667121887207,1574420.1790121514,2.95
32X 2,1,0.6402666568756104,247284.10355824928,2.4
32X 2,2,0.7082666754722595,817879.721102972,2.15
32X 2,3,0.7842666506767273,705136.3194099616,2.95
32X 2,4,0.8522666692733765,673050.1472961181,3
32X 2,5,0.9802666902542114,306178.39830060385,2
32X 2,6,1.0242667198181152,3698165.962510978,2.25
32X 2,7,1.0682666301727295,1099224.5384406575,1.55
32X 2,8,1.1082667112350464,1251925.0799126013,1.75
32X 2,9,1.2162666320800781,366684.1993363898,1.75
32X 2,10,1.260266661643982,3619236.1864104583,1.75
32X 2,11,1.3242666721343994,1727418.343231609,2.8
32X 2,12,1.3602666854858398,3646343.1996742464,1.5
32X 2,13,1.4402666091918945,3077890.8507034867,1.55
32X 2,14,1.5282666683197021,3186607.4215024062,2.95
32X 2,15,1.5602666139602661,116220.73525466137,1.95
32X 2,16,1.5882666110992432,2521017.8840249022,2.25
32X 2,17,1.6482666730880737,2104632.1351681054,2.85
32X 2,18,1.700266718864441,1818369.0487117507,2.5
32X 2,19,1.7482666969299316,7319788.856013247,2.7
32X 2,20,1.8002666234970093,2845915.133310645,2.85
32X 2,21,1.8522666692733765,746823.5778861565,1.5
32X 2,22,1.9002666473388672,2092707.892397837,1.6
32X 2,23,1.9522666931152344,1520410.454599709,1.5
32X 2,24,2.0122666358947754,1205179.2554291736,2.75
32X 2,25,2.0522665977478027,5507811.844100742,2
32X 2,26,2.1442666053771973,24133040.20173791,2.95
32X 2,27,2.2082667350769043,3875054.9357368755,3
32X 2,28,2.2402665615081787,135058.12543387676,1.8
32X 2,29,2.288266658782959,3227021.3647091836,3
32X 2,30,2.3482666015625,1007874.9648934122,3
32X 2,31,2.412266731262207,7622655.726029751,1.5
32X 2,32,2.4522666931152344,2383310.896466828,2.7
32X 2,33,2.488266706466675,13766598.260762062,1.65
32X 2,34,2.5202667713165283,905566.1663979728,2.2
32X 2,35,2.5802667140960693,13450849.835116638,1.85
32X 2,36,2.6162667274475098,66243.96027053459,2.55
32X 2,37,2.664266586303711,6243584.243808634,1.55
32X 2,38,2.720266580581665,3524686.625509509,3
32X 2,39,2.7602667808532715,3446718.1653795373,1.9
32X 2,40,2.796266555786133,6909956.624323817,2.5
32X 2,41,2.844266653060913,6769137.386503902,1.55
32X 2,42,2.8922667503356934,3798475.3568033357,2.35
32X 2,43,2.9362666606903076,7140484.719239568,3
32X 2,44,2.984266757965088,1606126.3032629862,1.55
32X 3,1,0.6482666730880737,1158502.30434561,1.85
32X 3,2,0.7202666401863098,84538.46463388017,2.3
32X 3,3,0.772266685962677,129005.05492745062,3
32X 3,4,0.8282666802406311,2475271.492272214,2.85
32X 3,5,0.8842666745185852,1005151.1992301277,2.95
32X 3,6,0.9682666659355164,267324.75939520693,1.5
32X 3,7,1.004266619682312,2366318.376477236,2.95
32X 3,8,1.0682666301727295,3475924.5650505703,2.35
32X 3,9,1.100266695022583,420582.131818753,1.75
32X 3,10,1.228266716003418,384555.41557234165,1.75
32X 3,11,1.2642666101455688,10856696.306070473,1.65
32X 3,12,1.316266655921936,589780.603875155,1.55
32X 3,13,1.3522666692733765,5269587.5765686175,1.65
32X 3,14,1.4082666635513306,1776552.7856490419,2.95
32X 3,15,1.4322667121887207,3712539.0351834497,1.85
32X 3,16,1.476266622543335,4326837.6153556565,2.6
32X 3,17,1.504266619682312,91517.82764338392,1.6
32X 3,18,1.5402666330337524,3241129.92793948,2.75
32X 3,19,1.5922666788101196,6335025.158525386,1.6
32X 3,20,1.6482666730880737,3788722.5738691315,2.6
32X 3,21,1.6842666864395142,9511604.154341549,2.1
32X 3,22,1.7162666320800781,400750.9115419867,1.5
32X 3,23,1.7722666263580322,2112071.7466746964,1.55
32X 3,24,1.8322666883468628,555255.1383765802,1.6
32X 3,25,1.8562666177749634,187565.21990287091,2.5
32X 3,26,1.8922666311264038,6666784.115691374,1.65
32X 3,27,1.9402666091918945,4440778.785310614,2.35
32X 3,28,2.0042667388916016,3877340.5117960526,1.65
32X 3,29,2.048266649246216,4380858.34377968,2
32X 3,30,2.088266611099243,2265675.652275009,2.05
32X 3,31,2.1362667083740234,37485173.905841954,3
32X 3,32,2.1962666511535645,3501709.330488806,2.35
32X 3,33,2.2522666454315186,3525657.4541008635,2.35
32X 3,34,2.288266658782959,9974261.627695391,2.45
32X 3,35,2.352266550064087,600609.5759918189,2.7
32X 3,36,2.3882665634155273,2316611.4511307543,1.5
32X 3,37,2.4562666416168213,3777935.6797794937,2.5
32X 3,38,2.4962666034698486,4502829.279834448,2.15
32X 3,39,2.5562667846679688,15834978.798510898,2.95
32X 3,40,2.59226655960083,1081422.5763429708,1.9
32X 3,41,2.6362667083740234,5568531.5031644255,3
32X 3,42,2.6922667026519775,4541666.936923032,2.2
32X 3,43,2.7482666969299316,3000368.1331470045,1.7
32X 3,44,2.784266710281372,513779.9440698095,2
32X 3,45,2.8242666721343994,7300334.861380192,1.6
32X 3,46,2.8842666149139404,7105786.515256206,2.1
32X 3,47,2.9362666606903076,1881515.10870197,1.55
32X 3,48,2.976266622543335,279836.00774042914,1.5
64X 1,1,0.6242666840553284,3068042.66447685,2.6
64X 1,2,0.6762666702270508,496833.5620796496,1.55
64X 1,3,0.7402666807174683,540951.2194408785,2.25
64X 1,4,0.7842666506767273,187835.9629156752,3
64X 1,5,0.8682666420936584,223009.42764415068,2
64X 1,6,0.9122666716575623,682261.3622485287,1.9
64X 1,7,0.9562666416168213,1245168.9438379116,1.65
64X 1,8,1.0282666683197021,850442.6179506741,2.95
64X 1,9,1.0922666788101196,3808755.591354333,2.45
64X 1,10,1.260266661643982,4741692.426455894,2.9
64X 1,11,1.2962666749954224,1079938.0414301385,1.7
64X 1,12,1.3682667016983032,2083294.300204379,1.85
64X 1,13,1.4042667150497437,78040.0885028652,1.55
64X 1,14,1.4362666606903076,1813529.2224368583,1.5
64X 1,15,1.4802666902542114,3260914.064199761,1.5
64X 1,16,1.5162667036056519,1485790.9997344997,2.95
64X 1,17,1.5562666654586792,2012261.0088196679,2.05
64X 1,18,1.5882666110992432,324640.53701608296,2.45
64X 1,19,1.6442667245864868,1109462.3571937277,1.95
64X 1,20,1.688266634941101,1652753.296048346,2.1
64X 1,21,1.7202666997909546,5578572.299718394,1.5
64X 1,22,1.784266710281372,78666.80105876937,2.65
64X 1,23,1.816266655921936,1955602.9093201375,1.65
64X 1,24,1.8642666339874268,7395736.9457696965,2.25
64X 1,25,1.916266679763794,5839012.657362581,2.95
64X 1,26,1.9562666416168213,274205.1294418913,1.5
64X 1,27,2.0202667713165283,3559281.5424136394,1.5
64X 1,28,2.0722665786743164,2506220.4995904816,1.9
64X 1,29,2.1402666568756104,27152716.742679544,2.95
64X 1,30,2.2042665481567383,4039462.1906579467,2.15
64X 1,31,2.2402665615081787,2347815.6675829072,2.7
64X 1,32,2.292266607284546,3451016.198252083,1.6
64X 1,33,2.344266653060913,5581346.7596314885,1.95
64X 1,34,2.3882665634155273,14814295.078356462,2.1
64X 1,35,2.420266628265381,226264.95096116536,2.2
64X 1,36,2.468266725540161,13352253.432109354,1.65
64X 1,37,2.5002665519714355,1507230.96575132,1.55
64X 1,38,2.548266649246216,9877315.438861538,3
64X 1,39,2.588266611099243,4135000.4263843396,1.55
64X 1,40,2.6322667598724365,2196454.3957334044,1.55
64X 1,41,2.676266670227051,8693665.654121637,2.15
64X 1,42,2.716266632080078,1638837.0489338855,1.85
64X 1,43,2.7562665939331055,7072682.260359999,1.65
64X 1,44,2.800266742706299,6086623.624287309,1.6
64X 1,45,2.8362667560577393,6863521.575039007,1.55
64X 1,46,2.8882665634155273,4921339.222290133,1.55
64X 1,47,2.9482667446136475,3174424.5472796205,3
64X 2,1,0.6202666759490967,282836.91803599894,1.8
64X 2,2,0.6842666864395142,805895.5748847768,1.6
64X 2,3,0.8522666692733765,275068.46606321126,2.25
64X 2,4,0.8922666907310486,242646.72093607797,1.55
64X 2,5,0.9522666931152344,306.7519894864559,2.15
64X 2,6,0.9842666387557983,301831.99970355304,1.55
64X 2,7,1.0242667198181152,4726111.2506735865,2.8
64X 2,8,1.0682666301727295,1232176.8760023976,1.6
64X 2,9,1.2722666263580322,1910097.018977713,2.9
64X 2,10,1.3282666206359863,1678169.4537201426,1.5
64X 2,11,1.3562666177749634,804171.6801376711,1.55
64X 2,12,1.4122666120529175,1044365.8280867019,2.35
64X 2,13,1.444266676902771,2358858.07685238,2.65
64X 2,14,1.4882667064666748,2186564.4953496982,2.1
64X 2,15,1.5882666110992432,1373404.8311238205,3
64X 2,16,1.62826669216156,369000.5530184751,1.6
64X 2,17,1.660266637802124,609606.105923085,2.85
64X 2,18,1.700266718864441,9132687.70755754,2.25
64X 2,19,1.756266713142395,3805710.868192647,2.95
64X 2,20,1.8002666234970093,3060606.743225487,1.7
64X 2,21,1.8282666206359863,9455699.766379293,2.75
64X 2,22,1.8602666854858398,504292.919491949,2.05
64X 2,23,1.9002666473388672,2886197.8940195674,2.7
64X 2,24,1.9402666091918945,2771868.36450138,1.65
64X 2,25,1.9842666387557983,147368.22903866155,1.55
64X 2,26,2.028266668319702,6375534.382137022,2.05
64X 2,27,2.0842666625976562,5262458.402305216,1.8
64X 2,28,2.1242666244506836,5425180.573820646,1.6
64X 2,29,2.148266553878784,11295492.442338752,3
64X 2,30,2.232266664505005,2625205.13419678,2.3
64X 2,31,2.2642667293548584,230569.11903292796,1.6
64X 2,32,2.3082666397094727,2389599.874412253,1.6
64X 2,33,2.3922667503356934,5412854.618646867,2.8
64X 2,34,2.428266763687134,297147.85990566673,1.55
64X 2,35,2.472266674041748,5157477.232315384,2.95
64X 2,36,2.5122666358947754,1334963.9641572516,1.55
64X 2,37,2.548266649246216,12263936.224122763,1.55
64X 2,38,2.612266778945923,1343346.6167476133,2.3
64X 2,39,2.672266721725464,8097943.099988462,3
64X 2,40,2.732266664505005,1588117.5966263807,1.6
64X 2,41,2.784266710281372,5833049.298752132,1.6
64X 2,42,2.840266704559326,5055949.994490719,2.95
64X 2,43,2.900266647338867,6557863.696522524,3
64X 2,44,2.9402666091918945,4753815.577146887,2.25
64X 2,45,2.972266674041748,470653.8499008738,1.8
64X 3,1,0.6402666568756104,272549.8936114754,2.8
64X 3,2,0.6882666945457458,150386.4439615518,2
64X 3,3,0.800266683101654,258711.1886069745,1.5
64X 3,4,0.8442666530609131,5464.696673136045,2.25
64X 3,5,0.8802666664123535,571877.2201593191,2.85
64X 3,6,0.9242666959762573,331949.7090488921,1.6
64X 3,7,0.98826664686203,813539.5317035238,2.05
64X 3,8,1.0402666330337524,488121.0994081275,1.85
64X 3,9,1.1122666597366333,4993947.954551932,1.75
64X 3,10,1.2682666778564453,424176.8056789301,1.6
64X 3,11,1.3082666397094727,2880523.4052282292,1.55
64X 3,12,1.3482667207717896,363934.0325816628,1.7
64X 3,13,1.3762667179107666,4705053.557341808,2.15
64X 3,14,1.4082666635513306,3498144.2562533286,1.65
64X 3,15,1.444266676902771,967525.6024900111,2.8
64X 3,16,1.4922666549682617,191373.36682979786,1.65
64X 3,17,1.5242667198181152,2412669.4936767616,2.15
64X 3,18,1.5562666654586792,123410.6019012513,2.75
64X 3,19,1.6242666244506836,3590625.4661493404,3
64X 3,20,1.6682666540145874,403760.36834298616,1.95
64X 3,21,1.7042666673660278,6967841.687359939,3
64X 3,22,1.7482666969299316,1553187.9252888912,1.6
64X 3,23,1.784266710281372,12261002.524654875,2.4
64X 3,24,1.8202667236328125,3137751.408475371,1.85
64X 3,25,1.8842666149139404,7522318.390781625,3
64X 3,26,1.9402666091918945,4672126.339435606,3
64X 3,27,1.9842666387557983,1212017.1765785438,2.1
64X 3,28,2.0202667713165283,3481099.034924829,2.95
64X 3,29,2.0802667140960693,2468796.6502036164,2.9
64X 3,30,2.1362667083740234,9639855.456410486,3
64X 3,31,2.176266670227051,3295980.5832979768,1.95
64X 3,32,2.236266613006592,1224935.347288684,2.95
64X 3,33,2.284266710281372,10513326.489310564,1.7
64X 3,34,2.344266653060913,6539583.313320322,1.85
64X 3,35,2.3842666149139404,3458221.5097592096,2.85
64X 3,36,2.4242665767669678,843068.9440038594,1.5
64X 3,37,2.460266590118408,6271118.684709267,1.5
64X 3,38,2.5202667713165283,9081715.135787742,1.55
64X 3,39,2.5602667331695557,1235855.1952418387,1.65
64X 3,40,2.608266592025757,3589994.3118154793,2.25
64X 3,41,2.672266721725464,8543592.865521325,3
64X 3,42,2.7402665615081787,4164678.820812857,2.95
64X 3,43,2.796266555786133,1594136.0302254723,1.6
64X 3,44,2.8322665691375732,24969122.55351598,1.65
64X 3,45,2.8842666149139404,2090060.2587545419,3
64X 3,46,2.964266777038574,9062194.22614667,1.5
